<?xml version="1.0" encoding="ISO-8859-1" standalone="no" ?>
<!-- DTD -->
<!DOCTYPE mensaxe SYSTEM "email1a.dtd">

<!-- XML -->
<mensaxe>
    <de>eloyrodal.p@gmail.com</de>
    <para>corregenerico1@gmail.com</para>
    <para>correoestandar2@edu.xunta.es</para>
    <para>correo@hotmail.com</para>
    <asunto>Asunto do correo electrónico</asunto>
    <corpo>Lorem ipsum dolor sit amet (...)</corpo>
    <adxunto>D:\arquivoadxunto.txt</adxunto>
    <adxunto>D:\docs\exame3trimestre.pdf</adxunto>
    <adxunto>D:\fotos\foto.png</adxunto>
</mensaxe>