<?xml version="1.0" encoding="UTF-8"?>
<persona xmlns:xsi="http://www.w3.org/2001/XMLSchema-instance" xsi:noNamespaceSchemaLocation="UD4_T2B_tarefa2B_EloyRodalPerez.xsd">
    <nombre>Eloy</nombre>
    <apellido>Rodal</apellido>
    <apellido>Pérez</apellido>
    <fechanacimiento>2004-12-</fechanacimiento>
    <trianero>true</trianero>
</persona>
<persona>
    <nombre>Juan</nombre>
    <apellido>Rodríguez</apellido>
    <apellido>Pérez</apellido>
    <fechanacimiento>2004-03-12</fechanacimiento>
    <trianero>true</trianero>
</persona>


<!--
a)
<xs:schema xmlns:xs="http://www.w3.org/2001/XMLSchema" >
  <xs:element name="personas">
    <xs:complexType>
      <xs:sequence>
        <xs:element name="persona" maxOccurs="unbounded">
          <xs:complexType>
            <xs:all>
              <xs:element name="nombre" type="xs:string" />
              <xs:element name="apellido" type="xs:string" />
              <xs:element name="fechanacimiento" type="xs:date"/>
              <xs:element name="numerodocumento" type="xs:int"/>
              <xs:element name="trianero" type="xs:boolean"/>
            </xs:all>
          </xs:complexType>
        </xs:element>
      </xs:sequence>
    </xs:complexType>
  </xs:element>
</xs:schema>

b) El compositor sequence define un grupo ordenado de elementos.
    El compositor all define un conxunto de elementos dos cales únicamente pode aparecer un destes elementos.
    
c) O compositor choice permite que solo un dos elementos especificados dentro del mesmo poida aparecer no XML.

